{
  "adjust:constant": 0,
  "en_low_temp_cutoff": 1,
  "low_temp_cutoff": -20,
  "system_capacity": 32000,
  "wind_farm_losses_percent": 0,
  "wind_farm_wake_model": 0,
  "wind_farm_xCoordinates": [
	360.0,
	1800.0,
	1080.0,
	2520.0
  ],
  "wind_farm_yCoordinates": [
	720.0,
	720.0,
	2160.0,
	2160.0
  ],
  "wind_resource_model_choice": 0,
  "wind_resource_shear": 0.14000000059604645,
  "wind_resource_turbulence_coeff": 0.10000000149011612,
  "wind_turbine_hub_ht": 120,
  "wind_turbine_max_cp": 0.474457866,
  "wind_turbine_powercurve_powerout": [
	0.00,
	0.00,
	0.00,
	0.00,
	359.00,
	561.00,
	812.00,
	1118.00,
	1483.00,
	1911.00,
	2407.00,
	2974.00,
	3616.00,
	4336.00,
	5135.00,
	6015.00,
	6976.00,
	7518.00,
	7813.00,
	8000.00,
	8000.00,
	8000.00,
	8000.00,
	8000.00,
	8000.00,
	8000.00,
	8000.00,
	8000.00,
	8000.00,
	8000.00,
	8000.00,
	8000.00,
	8000.00,
	0.00,
	0.00,
	0.00,
	0.00,
	0.00,
	0.00,
	0.00,
	0.00,
	0.00,
	0.00,
	0.00,
	0.00,
	0.00,
	0.00,
	0.00
  ],
  "wind_turbine_powercurve_windspeeds": [
	0.00,
	1.00,
	2.00,
	3.00,
	4.00,
	4.50,
	5.00,
	5.50,
	6.00,
	6.50,
	7.00,
	7.50,
	8.00,
	8.50,
	9.00,
	9.50,
	10.00,
	10.50,
	11.00,
	12.00,
	13.00,
	14.00,
	15.00,
	16.00,
	17.00,
	18.00,
	19.00,
	20.00,
	21.00,
	22.00,
	23.00,
	24.00,
	25.00,
	26.00,
	27.00,
	28.00,
	29.00,
	30.00,
	31.00,
	32.00,
	33.00,
	34.00,
	35.00,
	36.00,
	37.00,
	38.00,
	39.00,
	40.00
  ],
  "wind_turbine_rotor_diameter": 180
}
