{
  "adjust:constant": 0,
  "en_low_temp_cutoff": 1,
  "low_temp_cutoff": -20,
  "system_capacity": 27000,
  "wind_farm_losses_percent": 0,
  "wind_farm_wake_model": 0,
  "wind_farm_xCoordinates": [
	255.0,
	1275.0,
	2295.0,
	765.0,
	1785.0,
	2805.0,
	255.0,
	1275.0,
	2295.0
  ],
  "wind_farm_yCoordinates": [
	510.0,
	510.0,
	510.0,
	1530.0,
	1530.0,
	1530.0,
	2550.0,
	2550.0,
	2550.0
  ],
  "wind_resource_model_choice": 0,
  "wind_resource_shear": 0.14000000059604645,
  "wind_resource_turbulence_coeff": 0.10000000149011612,
  "wind_turbine_hub_ht": 100,
  "wind_turbine_max_cp": 0.474457866,
  "wind_turbine_powercurve_powerout": [
	0.00,
	0.00,
	0.00,
	0.00,
	0.00,
	0.00,
	0.00,
	0.00,
	0.00,
	0.00,
	0.00,
	0.00,
	0.00,
	102.00,
	129.00,
	166.00,
	212.00,
	266.00,
	327.00,
	393.00,
	463.00,
	536.00,
	613.00,
	698.00,
	793.00,
	899.00,
	1015.00,
	1140.00,
	1273.00,
	1412.00,
	1559.00,
	1715.00,
	1882.00,
	2058.00,
	2233.00,
	2396.00,
	2535.00,
	2640.00,
	2718.00,
	2776.00,
	2825.00,
	2871.00,
	2913.00,
	2948.00,
	2974.00,
	2988.00,
	2994.00,
	2995.00,
	2994.00,
	2995.00,
	2996.00,
	2998.00,
	3000.00,
	3000.00,
	3000.00,
	3000.00,
	3000.00,
	3000.00,
	3000.00,
	3000.00,
	3000.00,
	3000.00,
	3000.00,
	3000.00,
	3000.00,
	3000.00,
	3000.00,
	3000.00,
	3000.00,
	3000.00,
	3000.00,
	3000.00,
	3000.00,
	3000.00,
	3000.00,
	3000.00,
	3000.00,
	3000.00,
	3000.00,
	3000.00,
	3000.00,
	3000.00,
	3000.00,
	3000.00,
	3000.00,
	3000.00,
	3000.00,
	3000.00,
	3000.00,
	3000.00,
	3000.00,
	3000.00,
	3000.00,
	3000.00,
	3000.00,
	3000.00,
	3000.00,
	3000.00,
	3000.00,
	3000.00,
	3000.00,
	0.00,
	0.00,
	0.00,
	0.00,
	0.00,
	0.00,
	0.00,
	0.00,
	0.00,
	0.00,
	0.00,
	0.00,
	0.00,
	0.00,
	0.00,
	0.00,
	0.00,
	0.00,
	0.00,
	0.00,
	0.00,
	0.00,
	0.00,
	0.00,
	0.00,
	0.00,
	0.00,
	0.00,
	0.00,
	0.00,
	0.00,
	0.00,
	0.00,
	0.00,
	0.00,
	0.00,
	0.00,
	0.00,
	0.00,
	0.00,
	0.00,
	0.00,
	0.00,
	0.00,
	0.00,
	0.00,
	0.00,
	0.00,
	0.00,
	0.00,
	0.00,
	0.00,
	0.00,
	0.00,
	0.00,
	0.00,
	0.00,
	0.00,
	0.00,
	0.00
  ],
  "wind_turbine_powercurve_windspeeds": [
    0,
    0.25,
    0.5,
    0.75,
    1,
    1.25,
    1.5,
    1.75,
    2,
    2.25,
    2.5,
    2.75,
    3,
    3.25,
    3.5,
    3.75,
    4,
    4.25,
    4.5,
    4.75,
    5,
    5.25,
    5.5,
    5.75,
    6,
    6.25,
    6.5,
    6.75,
    7,
    7.25,
    7.5,
    7.75,
    8,
    8.25,
    8.5,
    8.75,
    9,
    9.25,
    9.5,
    9.75,
    10,
    10.25,
    10.5,
    10.75,
    11,
    11.25,
    11.5,
    11.75,
    12,
    12.25,
    12.5,
    12.75,
    13,
    13.25,
    13.5,
    13.75,
    14,
    14.25,
    14.5,
    14.75,
    15,
    15.25,
    15.5,
    15.75,
    16,
    16.25,
    16.5,
    16.75,
    17,
    17.25,
    17.5,
    17.75,
    18,
    18.25,
    18.5,
    18.75,
    19,
    19.25,
    19.5,
    19.75,
    20,
    20.25,
    20.5,
    20.75,
    21,
    21.25,
    21.5,
    21.75,
    22,
    22.25,
    22.5,
    22.75,
    23,
    23.25,
    23.5,
    23.75,
    24,
    24.25,
    24.5,
    24.75,
    25,
    25.25,
    25.5,
    25.75,
    26,
    26.25,
    26.5,
    26.75,
    27,
    27.25,
    27.5,
    27.75,
    28,
    28.25,
    28.5,
    28.75,
    29,
    29.25,
    29.5,
    29.75,
    30,
    30.25,
    30.5,
    30.75,
    31,
    31.25,
    31.5,
    31.75,
    32,
    32.25,
    32.5,
    32.75,
    33,
    33.25,
    33.5,
    33.75,
    34,
    34.25,
    34.5,
    34.75,
    35,
    35.25,
    35.5,
    35.75,
    36,
    36.25,
    36.5,
    36.75,
    37,
    37.25,
    37.5,
    37.75,
    38,
    38.25,
    38.5,
    38.75,
    39,
    39.25,
    39.5,
    39.75,
    40
  ],
  "wind_turbine_rotor_diameter": 127.5
}
